modelName,recall@5, precision@5,f1_score@5,ndcg@5,recall@10,precision@10,f1_score@10,ndcg@10,recall@15,precision@15,f1_score@15,ndcg@15,weight
p_model,0.22400317460317462,0.04480063492063492,0.07466772486772487,0.1561412944064938,0.35361746031746033,0.035361746031746036,0.0642940836940837,0.19743235974972606,0.4404186507936507,0.029361243386243387,0.055052331349206354,0.21851573866821797,"(1, 2, 3)"
